Strategy,Total Return,CAGR,Volatility,Sharpe Ratio,Sortino Ratio,Max Drawdown,Average Drawdown,Recovery Time,Win Rate,Calmar Ratio
Buy & Hold 60/40,2.4420563664028867,0.08651500903171616,0.10087377408291169,0.6770929927198921,0.8735542535762802,-0.2811451347051942,-0.049443691157656726,13.731914893617022,0.5542232880362377,0.30772365711551397
Bond Only 100%,0.48485404835355905,0.026892202136993504,0.1506294668511798,0.12003816314307786,0.18249395627982742,-0.4835113428598086,-0.16444634276594067,55.333333333333336,0.5214495070610179,0.05561855483665612
Regime-Based (regime_change),1.4592418259541255,0.06226741644671252,0.1408735162405169,0.3590266969663728,0.4493014339139595,-0.322163705319206,-0.09826676839267205,32.78504672897196,0.5443645083932853,0.19327880645343573
Regime-Based (monthly),4.396334473089703,0.11981072455390995,0.13602997896347852,0.7548026387925161,0.9782566086595544,-0.2693053698017477,-0.05583154917750993,17.11855670103093,0.550226485478284,0.4448879895789305
Regime-Based (quarterly),6.076471126818251,0.14037276027184387,0.1378623738594057,0.878670925413687,1.1307941841900928,-0.2594076195032046,-0.05329338558184389,14.345132743362832,0.5510258459898748,0.541128130857042
