Strategy,Total Return,CAGR,Volatility,Sharpe Ratio,Sortino Ratio,Max Drawdown,Average Drawdown,Recovery Time,Win Rate,Calmar Ratio
Buy & Hold 60/40,1.0618376083204528,0.07270907955641315,0.11101702240211475,0.5097440668598021,0.6543226117500744,-0.28114516499204223,-0.06229191919144639,17.96875,0.5479399306892568,0.25861757060083596
Bond Only 100%,-0.05300883876706952,-0.005269098925673288,0.1497080508849211,-0.09278177624820998,-0.1398132493020904,-0.4835115722964793,-0.19869361183929496,50.166666666666664,0.5136696187909126,-0.01089756528607424
Buy Stock and Hold 100%,2.2651199638554256,0.12162331925418046,0.18234286949153353,0.6126895803492721,0.7413927346724197,-0.3392496000265327,-0.055448739695287214,13.545454545454545,0.5452445128994994,0.35850689063352853
Regime-Based (regime_change),1.6425223519407677,0.09884095151820671,0.13194666356314816,0.630795518233284,0.8148445600725936,-0.2904421992899962,-0.06648008823873892,16.5,0.5437042741624952,0.3403119510864106
Regime-Based (weekly),1.457063320828094,0.09111238195127092,0.13523123820693003,0.5665090435393624,0.7169137485895726,-0.26577046699564105,-0.06018238614054431,16.0,0.5437042741624952,0.342823576228149
Regime-Based (monthly),1.6621108507460436,0.0996284134409191,0.1474210906155651,0.5842153608737644,0.7116516391807477,-0.28799880953235196,-0.05821467061870388,15.435374149659864,0.5440893338467463,0.3459334210536988
Regime-Based (quarterly),1.7166402640535305,0.10179326812047607,0.15882663925062307,0.5657415479830802,0.672132513344969,-0.3318178595914511,-0.05700175507577057,13.993788819875776,0.5471698113207547,0.30677453059883053
