Strategy,Total Return,CAGR,Volatility,Sharpe Ratio,Sortino Ratio,Max Drawdown,Average Drawdown,Recovery Time,Win Rate,Calmar Ratio
Buy & Hold 60/40,1.1353734262775905,0.07679083172479206,0.11065965719083266,0.5453734307687601,0.7015218865698971,-0.2811451419780019,-0.06214067232593545,17.112781954887218,0.5481997677119629,0.2731359012093495
Bond Only 100%,-0.04960373901224757,-0.004949328638559458,0.14971362536017596,-0.09062670755784508,-0.13664916707029653,-0.48351135712087334,-0.1994494810517015,43.96296296296296,0.5133565621370499,-0.010236220030137104
Buy Stock and Hold 100%,2.4544238282095137,0.1285066536227557,0.18134033200246935,0.6488369983823823,0.785180050063614,-0.33924960002653276,-0.0550145942423792,12.994117647058824,0.5458768873403019,0.3787967726791872
Regime-Based (regime_change),1.7490888784793666,0.10364933010954092,0.14006227923393863,0.6333065715070513,0.7810486297449375,-0.266356944059716,-0.05594513049094288,12.767441860465116,0.5474254742547425,0.3891369548311953
Regime-Based (monthly),1.764790522876691,0.10426249713915214,0.14093944583075654,0.6341840457618391,0.781569108921483,-0.26590267452988087,-0.055690540966650846,12.744186046511627,0.5478126209833527,0.3921077413887976
Regime-Based (quarterly),1.8068449012612038,0.105889419596493,0.13995057525093746,0.6481863379853072,0.8022782528766743,-0.26712098589085564,-0.05578386526197639,12.563218390804598,0.548586914440573,0.39640996098958287
