Strategy,Total Return,CAGR,Volatility,Sharpe Ratio,Sortino Ratio,Max Drawdown,Average Drawdown,Recovery Time,Win Rate,Calmar Ratio
Buy & Hold 60/40,2.3365615645988016,0.08424700773278615,0.10083300895864662,0.6565905292332526,0.8472100441678481,-0.2811452236530357,-0.04942777309317655,13.690677966101696,0.553423927524647,0.2996565498717356
Bond Only 100%,0.44433351865198034,0.02498668215825628,0.15072812575928965,0.107731754221492,0.16376216153950204,-0.48351139475107396,-0.16399150265734017,55.45238095238095,0.5209166000532907,0.0516775456163141
Regime-Based (regime_change),2.106738721645847,0.0790650518478846,0.11689183593464594,0.5403376389517589,0.6819856427677129,-0.2833830911438463,-0.05767570368049377,17.253886010362695,0.5486277644551026,0.2790041266355969
Regime-Based (monthly),2.7607441981969343,0.09299256393557753,0.1147532277823612,0.6600540196567849,0.8388656568359083,-0.2659027316943389,-0.0454386486022611,14.004329004329005,0.5518252065014655,0.3497239887045408
Regime-Based (quarterly),3.561199106837094,0.10724293641146221,0.10905322709744736,0.807539469786321,1.053316148353856,-0.27439553010676465,-0.04620176786267956,12.474708171206226,0.5491606714628298,0.39083339429667463
