Strategy,Total Return,CAGR,Volatility,Sharpe Ratio,Sortino Ratio,Max Drawdown,Average Drawdown,Recovery Time,Win Rate,Calmar Ratio
Buy & Hold 60/40,1.0618372974811767,0.07270906386995812,0.11101708026750216,0.509743726660927,0.6543228635265396,-0.2811452083591877,-0.06229193339011663,17.96875,0.5479399306892568,0.25861747491376735
Bond Only 100%,-0.05300914916651889,-0.005269130551514345,0.14970825915369193,-0.09278165037602187,-0.13981343151013648,-0.4835113016095937,-0.1986935759818461,50.166666666666664,0.5136696187909126,-0.010897636795610727
Buy Stock and Hold 100%,2.2651199638554256,0.12162331925418046,0.18234286949153353,0.6126895803492721,0.7413927346724197,-0.3392496000265327,-0.055448739695287214,13.545454545454545,0.5452445128994994,0.35850689063352853
Regime-Based (regime_change),1.6425206468036375,0.09884088274219316,0.1319466785301215,0.6307949867925939,0.8148438353520571,-0.29044220211464716,-0.06648010849809391,16.5,0.5437042741624952,0.3403117109791689
Regime-Based (weekly),1.4570646298986398,0.09111243833807436,0.13523123628041508,0.5665094318452248,0.7169143589486136,-0.26577031098430914,-0.060182332118183406,16.0,0.5437042741624952,0.34282398963461935
Regime-Based (monthly),1.6621087939264907,0.09962833103136659,0.1474211090307775,0.5842147975846734,0.7116510100378576,-0.28799891143184964,-0.05821471550767449,15.435374149659864,0.5440893338467463,0.3459330125105075
Regime-Based (quarterly),1.7166393300361196,0.10179323137664675,0.1588266404158121,0.5657413349762663,0.6721322179024207,-0.3318178655869212,-0.05700176516729469,13.993788819875776,0.5471698113207547,0.3067744143209237
