Strategy,Total Return,CAGR,Volatility,Sharpe Ratio,Sortino Ratio,Max Drawdown,Average Drawdown,Recovery Time,Win Rate,Calmar Ratio
Buy & Hold 60/40,2.336562603684529,0.08424703039940162,0.10083300033454021,0.6565907846547268,0.8472097276959549,-0.28114514821031145,-0.04942776053105218,13.690677966101696,0.553423927524647,0.299656710904292
Bond Only 100%,0.44433431888187713,0.024986720279904118,0.15072802707771923,0.10773197065853767,0.16376277787495075,-0.48351149853360476,-0.163991547612012,55.45238095238095,0.5209166000532907,0.05167761336738407
Regime-Based (regime_change),1.6305238245026819,0.06707946396196851,0.14537080207146208,0.3835165405294962,0.49258359431950904,-0.29878881092432497,-0.07577103649812715,26.104477611940297,0.5318411937116974,0.22450460495643496
Regime-Based (monthly),2.0072272406096094,0.07670947128345462,0.13991808715818124,0.456992851332161,0.6163847921015525,-0.2970619717202346,-0.07446821123059826,24.602836879432623,0.5297095656807888,0.2582271666724735
Regime-Based (quarterly),3.685745049478271,0.10924708329323418,0.14361882979082352,0.6561878144770479,0.9163870898290043,-0.3034184526865407,-0.0685010781764295,22.025806451612905,0.5411670663469225,0.36005418367252867
