Regime,Persistence (%),Expected Duration (days)
Bear,84.6938775510204,6.533333333333336
Bull,92.49347258485639,13.32173913043478
Sideways,77.57255936675462,4.458823529411764
