{
  "Sideways": {
    "Average Return": 0.00119108405962978,
    "Volatility": 0.007064502560888067,
    "Sharpe Ratio": 2.499875375823598,
    "Max Drawdown": -0.06581776152497687,
    "Periods": 614
  }
}